{
  "Angle (radians)": [0.588955],
  "Dot Product": [22.000000],
  "Vector A": [1.000000, 2.000000, 3.000000],
  "Vector A Length": [3.741657],
  "Vector B": [5.000000, 4.000000, 3.000000],
  "Vector B Length": [7.071068]
}
