{
  "system_info": {
    "Amplitude": 1.632993,
    "frequency": 0.649747,
    "k": 50.000000,
    "kinectic_energy": 66.666664,
    "mass": 3.000000,
    "period": 1.539060,
    "system_velocity_at_collision": 6.666667,
    "total_time": 7.695299,
    "w": 4.082483
  },
  "oscillation_info": {
    "acceleration": [-27.216551, -25.884478, -22.018652, -15.997487, -8.410376, 0.000001, 8.410378, 15.997492, 22.018654, 25.884480, 27.216551, 25.884476, 22.018650, 15.997492, 8.410379, 0.000013, -8.410356, -15.997460, -22.018627, -25.884466, -27.216551, -25.884495, -22.018690, -15.997537, -8.410445, -0.000082, 8.410290, 15.997416, 22.018587, 25.884445, 27.216551, 25.884518, 22.018723, 15.997582, 8.410511, 0.000138, -8.410224, -15.997360, -22.018560, -25.884422, -27.216551, -25.884531, -22.018764, -15.997640, -8.410577, -0.000207, 8.410183, 15.997305, 22.018520, 25.884401, 27.216551, 25.884552, 22.018789, 15.997673, 8.410593, 0.000224, -8.410118, -15.997270, -22.018496, -25.884398, -27.216551, -25.884573, -22.018831, -15.997730, -8.410658, -0.000293, 8.410102, 15.997214, 22.018456, 25.884377, 27.216551, 25.884577, 22.018871, 15.997786, 8.410724, 0.000362, -8.410036, -15.997157, -22.018415, -25.884354, -27.216551, -25.884598, -22.018911, -15.997841, -8.410789, -0.000431, 8.409970, 15.997145, 22.018375, 25.884333, 27.216551, 25.884621, 22.018921, 15.997897, 8.410855, 0.000500, -8.409904, -15.997087, -22.018333, -25.884312],
    "kinetic_energy": [0.000000, 6.366099, 23.032764, 43.633896, 60.300568, 66.666664, 60.300560, 43.633888, 23.032761, 6.366092, 0.000000, 6.366108, 23.032776, 43.633881, 60.300560, 66.666664, 60.300594, 43.633965, 23.032862, 6.366154, 0.000000, 6.366018, 23.032610, 43.633751, 60.300461, 66.666664, 60.300694, 43.634106, 23.033022, 6.366254, 0.000000, 6.365918, 23.032482, 43.633617, 60.300358, 66.666664, 60.300797, 43.634266, 23.033127, 6.366353, 0.000000, 6.365857, 23.032322, 43.633465, 60.300270, 66.666664, 60.300858, 43.634430, 23.033283, 6.366453, 0.000000, 6.365757, 23.032217, 43.633358, 60.300232, 66.666664, 60.300949, 43.634521, 23.033381, 6.366477, 0.000000, 6.365657, 23.032061, 43.633194, 60.300133, 66.666664, 60.300983, 43.634686, 23.033546, 6.366577, 0.000000, 6.365634, 23.031900, 43.633041, 60.300041, 66.666664, 60.301086, 43.634846, 23.033703, 6.366674, 0.000000, 6.365534, 23.031738, 43.632877, 60.299942, 66.666664, 60.301174, 43.634884, 23.033869, 6.366775, 0.000000, 6.365435, 23.031700, 43.632717, 60.299843, 66.666664, 60.301277, 43.635048, 23.034025, 6.366873],
    "position": [1.632993, 1.553069, 1.321119, 0.959849, 0.504623, -0.000000, -0.504623, -0.959850, -1.321119, -1.553069, -1.632993, -1.553069, -1.321119, -0.959850, -0.504623, -0.000001, 0.504621, 0.959848, 1.321118, 1.553068, 1.632993, 1.553070, 1.321122, 0.959852, 0.504627, 0.000005, -0.504617, -0.959845, -1.321115, -1.553067, -1.632993, -1.553071, -1.321123, -0.959855, -0.504631, -0.000008, 0.504613, 0.959842, 1.321114, 1.553065, 1.632993, 1.553072, 1.321126, 0.959858, 0.504635, 0.000012, -0.504611, -0.959838, -1.321111, -1.553064, -1.632993, -1.553073, -1.321127, -0.959860, -0.504636, -0.000013, 0.504607, 0.959836, 1.321110, 1.553064, 1.632993, 1.553074, 1.321130, 0.959864, 0.504640, 0.000018, -0.504606, -0.959833, -1.321107, -1.553063, -1.632993, -1.553075, -1.321132, -0.959867, -0.504643, -0.000022, 0.504602, 0.959830, 1.321105, 1.553061, 1.632993, 1.553076, 1.321135, 0.959870, 0.504647, 0.000026, -0.504598, -0.959829, -1.321102, -1.553060, -1.632993, -1.553077, -1.321135, -0.959874, -0.504651, -0.000030, 0.504594, 0.959825, 1.321100, 1.553059],
    "potential_energy": [66.666664, 60.300564, 43.633900, 23.032764, 6.366099, 0.000000, 6.366102, 23.032778, 43.633907, 60.300575, 66.666664, 60.300545, 43.633888, 23.032778, 6.366103, 0.000000, 6.366068, 23.032690, 43.633804, 60.300510, 66.666664, 60.300636, 43.634056, 23.032909, 6.366204, 0.000000, 6.365969, 23.032558, 43.633636, 60.300407, 66.666664, 60.300751, 43.634182, 23.033041, 6.366303, 0.000000, 6.365869, 23.032400, 43.633537, 60.300304, 66.666664, 60.300804, 43.634338, 23.033205, 6.366403, 0.000000, 6.365807, 23.032240, 43.633377, 60.300213, 66.666664, 60.300907, 43.634441, 23.033302, 6.366426, 0.000000, 6.365708, 23.032137, 43.633282, 60.300186, 66.666664, 60.300999, 43.634605, 23.033464, 6.366526, 0.000000, 6.365684, 23.031981, 43.633118, 60.300091, 66.666664, 60.301025, 43.634766, 23.033625, 6.366625, 0.000000, 6.365584, 23.031816, 43.632961, 60.299980, 66.666664, 60.301128, 43.634930, 23.033783, 6.366726, 0.000000, 6.365485, 23.031780, 43.632797, 60.299889, 66.666664, 60.301231, 43.634960, 23.033945, 6.366825, 0.000000, 6.365386, 23.031614, 43.632637, 60.299786],
    "time": [0.000000, 0.076953, 0.153906, 0.230859, 0.307812, 0.384765, 0.461718, 0.538671, 0.615624, 0.692577, 0.769530, 0.846483, 0.923436, 1.000389, 1.077342, 1.154295, 1.231248, 1.308201, 1.385154, 1.462106, 1.539059, 1.616012, 1.692965, 1.769918, 1.846871, 1.923824, 2.000777, 2.077730, 2.154683, 2.231636, 2.308589, 2.385542, 2.462495, 2.539448, 2.616400, 2.693353, 2.770306, 2.847259, 2.924212, 3.001165, 3.078118, 3.155071, 3.232024, 3.308977, 3.385930, 3.462883, 3.539836, 3.616789, 3.693742, 3.770694, 3.847647, 3.924600, 4.001554, 4.078506, 4.155459, 4.232412, 4.309365, 4.386318, 4.463271, 4.540224, 4.617177, 4.694130, 4.771083, 4.848036, 4.924989, 5.001942, 5.078895, 5.155848, 5.232800, 5.309753, 5.386706, 5.463659, 5.540612, 5.617565, 5.694518, 5.771471, 5.848424, 5.925377, 6.002330, 6.079283, 6.156236, 6.233189, 6.310142, 6.387094, 6.464047, 6.541000, 6.617953, 6.694906, 6.771859, 6.848812, 6.925765, 7.002718, 7.079671, 7.156624, 7.233577, 7.310530, 7.387483, 7.464436, 7.541389, 7.618341],
    "total_energy": [66.666664, 66.666664, 66.666664, 66.666656, 66.666664, 66.666664, 66.666664, 66.666664, 66.666672, 66.666664, 66.666664, 66.666656, 66.666664, 66.666656, 66.666664, 66.666664, 66.666664, 66.666656, 66.666664, 66.666664, 66.666664, 66.666656, 66.666664, 66.666656, 66.666664, 66.666664, 66.666664, 66.666664, 66.666656, 66.666664, 66.666664, 66.666672, 66.666664, 66.666656, 66.666664, 66.666664, 66.666664, 66.666664, 66.666664, 66.666656, 66.666664, 66.666664, 66.666656, 66.666672, 66.666672, 66.666664, 66.666664, 66.666672, 66.666656, 66.666664, 66.666664, 66.666664, 66.666656, 66.666656, 66.666656, 66.666664, 66.666656, 66.666656, 66.666664, 66.666664, 66.666664, 66.666656, 66.666664, 66.666656, 66.666656, 66.666664, 66.666664, 66.666664, 66.666664, 66.666672, 66.666664, 66.666656, 66.666664, 66.666664, 66.666664, 66.666664, 66.666672, 66.666664, 66.666664, 66.666656, 66.666664, 66.666664, 66.666672, 66.666656, 66.666672, 66.666664, 66.666656, 66.666664, 66.666664, 66.666664, 66.666664, 66.666664, 66.666656, 66.666664, 66.666672, 66.666664, 66.666664, 66.666664, 66.666664, 66.666656],
    "velocity": [-0.000000, -2.060113, -3.918568, -5.393446, -6.340377, -6.666667, -6.340376, -5.393446, -3.918568, -2.060112, 0.000001, 2.060115, 3.918569, 5.393445, 6.340376, 6.666667, 6.340378, 5.393451, 3.918576, 2.060122, 0.000012, -2.060100, -3.918555, -5.393437, -6.340371, -6.666667, -6.340384, -5.393459, -3.918590, -2.060138, -0.000025, 2.060084, 3.918544, 5.393429, 6.340366, 6.666667, 6.340389, 5.393469, 3.918599, 2.060154, 0.000042, -2.060074, -3.918530, -5.393420, -6.340361, -6.666667, -6.340392, -5.393479, -3.918612, -2.060170, -0.000059, 2.060058, 3.918522, 5.393413, 6.340359, 6.666667, 6.340397, 5.393485, 3.918621, 2.060174, 0.000063, -2.060042, -3.918508, -5.393403, -6.340354, -6.666667, -6.340399, -5.393495, -3.918635, -2.060190, -0.000080, 2.060038, 3.918495, 5.393394, 6.340349, 6.666667, 6.340404, 5.393505, 3.918648, 2.060206, 0.000097, -2.060022, -3.918481, -5.393384, -6.340344, -6.666667, -6.340409, -5.393507, -3.918662, -2.060222, -0.000114, 2.060006, 3.918478, 5.393373, 6.340339, 6.666667, 6.340414, 5.393517, 3.918675, 2.060238]
  }
}
