{
  "metadata": {
    "total_time": 7.208020,
    "delta_t": 0.072080,
    "apogee_time": 3.604010,
    "h_max": 63.710495,
    "mass": 1.000000,
    "energy_initial": 1250.000000,
    "energy_final": 1250.000000,
    "angle_of_collapse": -44.999958
  },
  "time_series": {
    "time": [0.000000, 0.072080, 0.144160, 0.216241, 0.288321, 0.360401, 0.432481, 0.504561, 0.576642, 0.648722, 0.720802, 0.792882, 0.864962, 0.937043, 1.009123, 1.081203, 1.153283, 1.225363, 1.297443, 1.369524, 1.441604, 1.513684, 1.585764, 1.657844, 1.729924, 1.802004, 1.874084, 1.946165, 2.018245, 2.090325, 2.162405, 2.234485, 2.306565, 2.378645, 2.450726, 2.522806, 2.594886, 2.666966, 2.739046, 2.811126, 2.883206, 2.955287, 3.027367, 3.099447, 3.171527, 3.243607, 3.315687, 3.387767, 3.459847, 3.531928, 3.604008, 3.676088, 3.748168, 3.820248, 3.892328, 3.964408, 4.036489, 4.108569, 4.180649, 4.252729, 4.324809, 4.396889, 4.468969, 4.541049, 4.613130, 4.685210, 4.757290, 4.829370, 4.901450, 4.973530, 5.045610, 5.117691, 5.189771, 5.261851, 5.333931, 5.406011, 5.478091, 5.550171, 5.622252, 5.694332, 5.766412, 5.838492, 5.910572, 5.982652, 6.054732, 6.126812, 6.198893, 6.270973, 6.343053, 6.415133, 6.487213, 6.559293, 6.631373, 6.703454, 6.775534, 6.847614, 6.919694, 6.991774, 7.063854, 7.135934, 7.208014],
    "position_x": [0.000000, 2.548420, 5.096839, 7.645259, 10.193679, 12.742099, 15.290519, 17.838938, 20.387358, 22.935778, 25.484198, 28.032618, 30.581038, 33.129456, 35.677876, 38.226299, 40.774715, 43.323132, 45.871552, 48.419968, 50.968388, 53.516804, 56.065220, 58.613640, 61.162056, 63.710476, 66.258888, 68.807312, 71.355728, 73.904144, 76.452560, 79.000977, 81.549400, 84.097816, 86.646233, 89.194649, 91.743065, 94.291489, 96.839905, 99.388321, 101.936737, 104.485153, 107.033577, 109.581993, 112.130409, 114.678825, 117.227242, 119.775665, 122.324081, 124.872498, 127.420914, 129.969330, 132.517746, 135.066162, 137.614578, 140.163010, 142.711426, 145.259842, 147.808258, 150.356674, 152.905090, 155.453506, 158.001923, 160.550339, 163.098755, 165.647186, 168.195602, 170.744019, 173.292435, 175.840851, 178.389267, 180.937683, 183.486099, 186.034515, 188.582932, 191.131363, 193.679779, 196.228195, 198.776611, 201.325027, 203.873444, 206.421860, 208.970276, 211.518692, 214.067108, 216.615524, 219.163956, 221.712372, 224.260788, 226.809204, 229.357620, 231.906036, 234.454453, 237.002869, 239.551285, 242.099701, 244.648132, 247.196548, 249.744965, 252.293381, 254.841797],
    "position_y": [0.000000, 2.522936, 4.994903, 7.415902, 9.785932, 12.104994, 14.373088, 16.590212, 18.756369, 20.871557, 22.935778, 24.949030, 26.911314, 28.822626, 30.682974, 32.492355, 34.250763, 35.958199, 37.614674, 39.220177, 40.774712, 42.278278, 43.730873, 45.132507, 46.483166, 47.782864, 49.031582, 50.229347, 51.376133, 52.471951, 53.516800, 54.510685, 55.453606, 56.345551, 57.186527, 57.976536, 58.715576, 59.403656, 60.040760, 60.626896, 61.162064, 61.646263, 62.079502, 62.461765, 62.793056, 63.073383, 63.302742, 63.481136, 63.608559, 63.685013, 63.710495, 63.685013, 63.608559, 63.481140, 63.302750, 63.073406, 62.793083, 62.461788, 62.079525, 61.646294, 61.162098, 60.626930, 60.040794, 59.403690, 58.715618, 57.976593, 57.186584, 56.345608, 55.453663, 54.510750, 53.516865, 52.472015, 51.376198, 50.229412, 49.031654, 47.782948, 46.483257, 45.132595, 43.730968, 42.278370, 40.774807, 39.220272, 37.614769, 35.958302, 34.250862, 32.492455, 30.683096, 28.822754, 26.911442, 24.949162, 22.935913, 20.871698, 18.756514, 16.590361, 14.373239, 12.105149, 9.786106, 7.416080, 4.995086, 2.523123, 0.000192],
    "velocity_x": [35.355339, 35.355339, 35.355339, 35.355339, 35.355339, 35.355339, 35.355339, 35.355339, 35.355339, 35.355339, 35.355339, 35.355339, 35.355339, 35.355339, 35.355339, 35.355339, 35.355339, 35.355339, 35.355339, 35.355339, 35.355339, 35.355339, 35.355339, 35.355339, 35.355339, 35.355339, 35.355339, 35.355339, 35.355339, 35.355339, 35.355339, 35.355339, 35.355339, 35.355339, 35.355339, 35.355339, 35.355339, 35.355339, 35.355339, 35.355339, 35.355339, 35.355339, 35.355339, 35.355339, 35.355339, 35.355339, 35.355339, 35.355339, 35.355339, 35.355339, 35.355339, 35.355339, 35.355339, 35.355339, 35.355339, 35.355339, 35.355339, 35.355339, 35.355339, 35.355339, 35.355339, 35.355339, 35.355339, 35.355339, 35.355339, 35.355339, 35.355339, 35.355339, 35.355339, 35.355339, 35.355339, 35.355339, 35.355339, 35.355339, 35.355339, 35.355339, 35.355339, 35.355339, 35.355339, 35.355339, 35.355339, 35.355339, 35.355339, 35.355339, 35.355339, 35.355339, 35.355339, 35.355339, 35.355339, 35.355339, 35.355339, 35.355339, 35.355339, 35.355339, 35.355339, 35.355339, 35.355339, 35.355339, 35.355339, 35.355339, 35.355339],
    "velocity_y": [35.355339, 34.648232, 33.941124, 33.234020, 32.526913, 31.819805, 31.112698, 30.405592, 29.698484, 28.991379, 28.284271, 27.577164, 26.870058, 26.162952, 25.455845, 24.748737, 24.041630, 23.334526, 22.627419, 21.920313, 21.213207, 20.506100, 19.798994, 19.091888, 18.384783, 17.677675, 16.970570, 16.263464, 15.556356, 14.849251, 14.142145, 13.435040, 12.727932, 12.020826, 11.313721, 10.606615, 9.899508, 9.192402, 8.485296, 7.778189, 7.071083, 6.363977, 5.656872, 4.949764, 4.242659, 3.535553, 2.828445, 2.121342, 1.414234, 0.707127, 0.000023, -0.707085, -1.414192, -2.121296, -2.828403, -3.535507, -4.242615, -4.949722, -5.656826, -6.363934, -7.071041, -7.778145, -8.485252, -9.192360, -9.899464, -10.606571, -11.313675, -12.020782, -12.727890, -13.434994, -14.142101, -14.849209, -15.556313, -16.263420, -16.970528, -17.677631, -18.384739, -19.091843, -19.798950, -20.506058, -21.213161, -21.920269, -22.627377, -23.334480, -24.041588, -24.748695, -25.455799, -26.162907, -26.870010, -27.577118, -28.284225, -28.991333, -29.698441, -30.405540, -31.112648, -31.819756, -32.526863, -33.233971, -33.941071, -34.648178, -35.355286]
  }
}
