{
  "metadata": {
    "total_time": 9.370426,
    "delta_t": 0.093704,
    "apogee_time": 4.685213,
    "h_max": 107.670746,
    "mass": 5.000000,
    "initial_acceleration_x": 0.000000,
    "initial_acceleration_y": -9.810000,
    "energy_initial": 10562.500000,
    "energy_final": 10562.500000,
    "energy_loss": 0.000000,
    "angle_of_collapse": -44.999985
  },
  "time_series": {
    "time": [0.000000, 0.093704, 0.187409, 0.281113, 0.374817, 0.468521, 0.562226, 0.655930, 0.749634, 0.843338, 0.937043, 1.030747, 1.124451, 1.218155, 1.311860, 1.405564, 1.499268, 1.592972, 1.686677, 1.780381, 1.874085, 1.967789, 2.061493, 2.155198, 2.248902, 2.342606, 2.436310, 2.530015, 2.623719, 2.717423, 2.811127, 2.904831, 2.998536, 3.092240, 3.185944, 3.279648, 3.373353, 3.467057, 3.560761, 3.654465, 3.748169, 3.841874, 3.935578, 4.029282, 4.122986, 4.216691, 4.310395, 4.404099, 4.497803, 4.591507, 4.685212, 4.778916, 4.872620, 4.966324, 5.060029, 5.153733, 5.247437, 5.341141, 5.434845, 5.528550, 5.622254, 5.715958, 5.809662, 5.903367, 5.997071, 6.090775, 6.184479, 6.278183, 6.371888, 6.465592, 6.559296, 6.653000, 6.746705, 6.840409, 6.934113, 7.027817, 7.121521, 7.215226, 7.308930, 7.402634, 7.496338, 7.590043, 7.683747, 7.777451, 7.871155, 7.964859, 8.058564, 8.152268, 8.245973, 8.339677, 8.433381, 8.527085, 8.620790, 8.714494, 8.808198, 8.901902, 8.995606, 9.089311, 9.183015, 9.276719, 9.370423],
    "position_x": [0.000000, 4.306829, 8.613659, 12.920489, 17.227318, 21.534147, 25.840979, 30.147810, 34.454639, 38.761471, 43.068302, 47.375130, 51.681957, 55.988785, 60.295612, 64.602440, 68.909271, 73.216095, 77.522926, 81.829750, 86.136581, 90.443413, 94.750237, 99.057068, 103.363892, 107.670723, 111.977547, 116.284378, 120.591202, 124.898033, 129.204865, 133.511688, 137.818512, 142.125351, 146.432175, 150.738998, 155.045822, 159.352661, 163.659485, 167.966309, 172.273148, 176.579971, 180.886795, 185.193619, 189.500458, 193.807281, 198.114105, 202.420944, 206.727768, 211.034592, 215.341415, 219.648254, 223.955078, 228.261902, 232.568726, 236.875565, 241.182388, 245.489212, 249.796051, 254.102875, 258.409698, 262.716522, 267.023346, 271.330170, 275.637024, 279.943848, 284.250671, 288.557495, 292.864319, 297.171143, 301.477966, 305.784821, 310.091644, 314.398468, 318.705292, 323.012115, 327.318939, 331.625763, 335.932617, 340.239441, 344.546265, 348.853088, 353.159912, 357.466736, 361.773560, 366.080414, 370.387238, 374.694092, 379.000916, 383.307739, 387.614563, 391.921387, 396.228210, 400.535034, 404.841888, 409.148712, 413.455536, 417.762360, 422.069183, 426.376007, 430.682831],
    "position_y": [0.000000, 4.263761, 8.441385, 12.532875, 16.538225, 20.457439, 24.290520, 28.037462, 31.698267, 35.272938, 38.761471, 42.163864, 45.480122, 48.710243, 51.854225, 54.912075, 57.883789, 60.769360, 63.568802, 66.282097, 68.909264, 71.450302, 73.905190, 76.273949, 78.556564, 80.753044, 82.863388, 84.887604, 86.825668, 88.677612, 90.443413, 92.123070, 93.716599, 95.223999, 96.645248, 97.980362, 99.229340, 100.392189, 101.468895, 102.459465, 103.363907, 104.182205, 104.914360, 105.560379, 106.120277, 106.594025, 106.981636, 107.283127, 107.498466, 107.627670, 107.670731, 107.627678, 107.498466, 107.283127, 106.981644, 106.594040, 106.120285, 105.560402, 104.914383, 104.182220, 103.363922, 102.459488, 101.468910, 100.392204, 99.229385, 97.980408, 96.645287, 95.224030, 93.716637, 92.123108, 90.443443, 88.677673, 86.825737, 84.887657, 82.863449, 80.753098, 78.556618, 76.273994, 73.905266, 71.450371, 68.909340, 66.282173, 63.568871, 60.769432, 57.883854, 54.912170, 51.854282, 48.710327, 45.480206, 42.163944, 38.761547, 35.273014, 31.698345, 28.037540, 24.290628, 20.457548, 16.538334, 12.532981, 8.441493, 4.263867, 0.000106],
    "velocity_x": [45.961941, 45.961941, 45.961941, 45.961941, 45.961941, 45.961941, 45.961941, 45.961941, 45.961941, 45.961941, 45.961941, 45.961941, 45.961941, 45.961941, 45.961941, 45.961941, 45.961941, 45.961941, 45.961941, 45.961941, 45.961941, 45.961941, 45.961941, 45.961941, 45.961941, 45.961941, 45.961941, 45.961941, 45.961941, 45.961941, 45.961941, 45.961941, 45.961941, 45.961941, 45.961941, 45.961941, 45.961941, 45.961941, 45.961941, 45.961941, 45.961941, 45.961941, 45.961941, 45.961941, 45.961941, 45.961941, 45.961941, 45.961941, 45.961941, 45.961941, 45.961941, 45.961941, 45.961941, 45.961941, 45.961941, 45.961941, 45.961941, 45.961941, 45.961941, 45.961941, 45.961941, 45.961941, 45.961941, 45.961941, 45.961941, 45.961941, 45.961941, 45.961941, 45.961941, 45.961941, 45.961941, 45.961941, 45.961941, 45.961941, 45.961941, 45.961941, 45.961941, 45.961941, 45.961941, 45.961941, 45.961941, 45.961941, 45.961941, 45.961941, 45.961941, 45.961941, 45.961941, 45.961941, 45.961941, 45.961941, 45.961941, 45.961941, 45.961941, 45.961941, 45.961941, 45.961941, 45.961941, 45.961941, 45.961941, 45.961941, 45.961941],
    "velocity_y": [45.961941, 45.042702, 44.123463, 43.204224, 42.284985, 41.365746, 40.446507, 39.527267, 38.608028, 37.688789, 36.769550, 35.850311, 34.931076, 34.011837, 33.092598, 32.173359, 31.254120, 30.334881, 29.415644, 28.496405, 27.577168, 26.657928, 25.738689, 24.819450, 23.900213, 22.980974, 22.061735, 21.142498, 20.223259, 19.304020, 18.384783, 17.465544, 16.546305, 15.627066, 14.707829, 13.788589, 12.869350, 11.950111, 11.030872, 10.111637, 9.192398, 8.273159, 7.353920, 6.434681, 5.515442, 4.596207, 3.676968, 2.757729, 1.838490, 0.919250, 0.000011, -0.919228, -1.838463, -2.757702, -3.676941, -4.596180, -5.515419, -6.434658, -7.353897, -8.273132, -9.192371, -10.111610, -11.030849, -11.950089, -12.869328, -13.788563, -14.707802, -15.627041, -16.546280, -17.465519, -18.384754, -19.303997, -20.223232, -21.142475, -22.061710, -22.980946, -23.900188, -24.819424, -25.738667, -26.657902, -27.577145, -28.496380, -29.415615, -30.334858, -31.254093, -32.173336, -33.092579, -34.011814, -34.931057, -35.850292, -36.769527, -37.688770, -38.608006, -39.527248, -40.446484, -41.365726, -42.284962, -43.204197, -44.123440, -45.042675, -45.961918],
    "acceleration_x": [0.000000, 0.000000, 0.000000, 0.000000, 0.000000, 0.000000, 0.000000, 0.000000, 0.000000, 0.000000, 0.000000, 0.000000, 0.000000, 0.000000, 0.000000, 0.000000, 0.000000, 0.000000, 0.000000, 0.000000, 0.000000, 0.000000, 0.000000, 0.000000, 0.000000, 0.000000, 0.000000, 0.000000, 0.000000, 0.000000, 0.000000, 0.000000, 0.000000, 0.000000, 0.000000, 0.000000, 0.000000, 0.000000, 0.000000, 0.000000, 0.000000, 0.000000, 0.000000, 0.000000, 0.000000, 0.000000, 0.000000, 0.000000, 0.000000, 0.000000, 0.000000, 0.000000, 0.000000, 0.000000, 0.000000, 0.000000, 0.000000, 0.000000, 0.000000, 0.000000, 0.000000, 0.000000, 0.000000, 0.000000, 0.000000, 0.000000, 0.000000, 0.000000, 0.000000, 0.000000, 0.000000, 0.000000, 0.000000, 0.000000, 0.000000, 0.000000, 0.000000, 0.000000, 0.000000, 0.000000, 0.000000, 0.000000, 0.000000, 0.000000, 0.000000, 0.000000, 0.000000, 0.000000, 0.000000, 0.000000, 0.000000, 0.000000, 0.000000, 0.000000, 0.000000, 0.000000, 0.000000, 0.000000, 0.000000, 0.000000, 0.000000],