{
  "metadata": {
    "total_time": 9.370426,
    "delta_t": 0.093704,
    "apogee_time": 4.685213,
    "h_max": 107.670746,
    "mass": 5.000000,
    "initial_acceleration_x": -3.000000,
    "initial_acceleration_y": -9.810000,
    "energy_initial": 10562.500000,
    "energy_final": 6077.866211,
    "energy_loss": 0.424581,
    "angle_of_collapse": -68.774849
  },
  "time_series": {
    "time": [0.000000, 0.093704, 0.187409, 0.281113, 0.374817, 0.468521, 0.562226, 0.655930, 0.749634, 0.843338, 0.937043, 1.030747, 1.124451, 1.218155, 1.311860, 1.405564, 1.499268, 1.592972, 1.686677, 1.780381, 1.874085, 1.967789, 2.061493, 2.155198, 2.248902, 2.342606, 2.436310, 2.530015, 2.623719, 2.717423, 2.811127, 2.904831, 2.998536, 3.092240, 3.185944, 3.279648, 3.373353, 3.467057, 3.560761, 3.654465, 3.748169, 3.841874, 3.935578, 4.029282, 4.122986, 4.216691, 4.310395, 4.404099, 4.497803, 4.591507, 4.685212, 4.778916, 4.872620, 4.966324, 5.060029, 5.153733, 5.247437, 5.341141, 5.434845, 5.528550, 5.622254, 5.715958, 5.809662, 5.903367, 5.997071, 6.090775, 6.184479, 6.278183, 6.371888, 6.465592, 6.559296, 6.653000, 6.746705, 6.840409, 6.934113, 7.027817, 7.121521, 7.215226, 7.308930, 7.402634, 7.496338, 7.590043, 7.683747, 7.777451, 7.871155, 7.964859, 8.058564, 8.152268, 8.245973, 8.339677, 8.433381, 8.527085, 8.620790, 8.714494, 8.808198, 8.901902, 8.995606, 9.089311, 9.183015, 9.276719, 9.370423],
    "position_x": [0.000000, 4.293659, 8.560976, 12.801952, 17.016586, 21.204880, 25.366833, 29.502443, 33.611713, 37.694641, 41.751228, 45.781471, 49.785370, 53.762932, 57.714149, 61.639027, 65.537567, 69.409752, 73.255608, 77.075119, 80.868286, 84.635124, 88.375603, 92.089752, 95.777550, 99.439018, 103.074135, 106.682915, 110.265350, 113.821449, 117.351212, 120.854622, 124.331688, 127.782433, 131.206818, 134.604858, 137.976562, 141.321930, 144.640961, 147.933640, 151.199982, 154.439987, 157.653641, 160.840942, 164.001938, 167.136566, 170.244858, 173.326813, 176.382416, 179.411682, 182.414597, 185.391205, 188.341431, 191.265335, 194.162888, 197.034119, 199.878998, 202.697525, 205.489731, 208.255585, 210.995087, 213.708252, 216.395081, 219.055557, 221.689743, 224.297531, 226.878998, 229.434113, 231.962891, 234.465332, 236.941422, 239.391205, 241.814606, 244.211685, 246.582413, 248.926788, 251.244843, 253.536545, 255.801926, 258.040955, 260.253632, 262.439972, 264.599976, 266.733612, 268.840942, 270.921936, 272.976562, 275.004883, 277.006805, 278.982422, 280.931702, 282.854614, 284.751190, 286.621429, 288.465363, 290.282928, 292.074127, 293.839020, 295.577545, 297.289734, 298.975586],
    "position_y": [0.000000, 4.263761, 8.441385, 12.532875, 16.538225, 20.457439, 24.290520, 28.037462, 31.698267, 35.272938, 38.761471, 42.163864, 45.480122, 48.710243, 51.854225, 54.912075, 57.883789, 60.769360, 63.568802, 66.282097, 68.909264, 71.450302, 73.905190, 76.273949, 78.556564, 80.753044, 82.863388, 84.887604, 86.825668, 88.677612, 90.443413, 92.123070, 93.716599, 95.223999, 96.645248, 97.980362, 99.229340, 100.392189, 101.468895, 102.459465, 103.363907, 104.182205, 104.914360, 105.560379, 106.120277, 106.594025, 106.981636, 107.283127, 107.498466, 107.627670, 107.670731, 107.627678, 107.498466, 107.283127, 106.981644, 106.594040, 106.120285, 105.560402, 104.914383, 104.182220, 103.363922, 102.459488, 101.468910, 100.392204, 99.229385, 97.980408, 96.645287, 95.224030, 93.716637, 92.123108, 90.443443, 88.677673, 86.825737, 84.887657, 82.863449, 80.753098, 78.556618, 76.273994, 73.905266, 71.450371, 68.909340, 66.282173, 63.568871, 60.769432, 57.883854, 54.912170, 51.854282, 48.710327, 45.480206, 42.163944, 38.761547, 35.273014, 31.698345, 28.037540, 24.290628, 20.457548, 16.538334, 12.532981, 8.441493, 4.263867, 0.000106],
    "velocity_x": [45.961941, 45.680828, 45.399715, 45.118603, 44.837490, 44.556377, 44.275265, 43.994152, 43.713039, 43.431927, 43.150814, 42.869701, 42.588589, 42.307476, 42.026363, 41.745251, 41.464138, 41.183025, 40.901913, 40.620800, 40.339687, 40.058575, 39.777462, 39.496349, 39.215237, 38.934124, 38.653011, 38.371899, 38.090786, 37.809669, 37.528557, 37.247444, 36.966331, 36.685219, 36.404106, 36.122993, 35.841881, 35.560768, 35.279655, 34.998543, 34.717430, 34.436317, 34.155205, 33.874092, 33.592979, 33.311867, 33.030754, 32.749641, 32.468529, 32.187416, 31.906305, 31.625193, 31.344080, 31.062967, 30.781855, 30.500742, 30.219629, 29.938517, 29.657404, 29.376291, 29.095179, 28.814066, 28.532953, 28.251841, 27.970728, 27.689615, 27.408503, 27.127390, 26.846277, 26.565165, 26.284052, 26.002939, 25.721827, 25.440714, 25.159601, 24.878489, 24.597376, 24.316263, 24.035151, 23.754038, 23.472925, 23.191813, 22.910700, 22.629587, 22.348475, 22.067362, 21.786247, 21.505135, 21.224022, 20.942909, 20.661797, 20.380684, 20.099571, 19.818459, 19.537346, 19.256233, 18.975121, 18.694008, 18.412895, 18.131783, 17.850670],
    "velocity_y": [45.961941, 45.042702, 44.123463, 43.204224, 42.284985, 41.365746, 40.446507, 39.527267, 38.608028, 37.688789, 36.769550, 35.850311, 34.931076, 34.011837, 33.092598, 32.173359, 31.254120, 30.334881, 29.415644, 28.496405, 27.577168, 26.657928, 25.738689, 24.819450, 23.900213, 22.980974, 22.061735, 21.142498, 20.223259, 19.304020, 18.384783, 17.465544, 16.546305, 15.627066, 14.707829, 13.788589, 12.869350, 11.950111, 11.030872, 10.111637, 9.192398, 8.273159, 7.353920, 6.434681, 5.515442, 4.596207, 3.676968, 2.757729, 1.838490, 0.919250, 0.000011, -0.919228, -1.838463, -2.757702, -3.676941, -4.596180, -5.515419, -6.434658, -7.353897, -8.273132, -9.192371, -10.111610, -11.030849, -11.950089, -12.869328, -13.788563, -14.707802, -15.627041, -16.546280, -17.465519, -18.384754, -19.303997, -20.223232, -21.142475, -22.061710, -22.980946, -23.900188, -24.819424, -25.738667, -26.657902, -27.577145, -28.496380, -29.415615, -30.334858, -31.254093, -32.173336, -33.092579, -34.011814, -34.931057, -35.850292, -36.769527, -37.688770, -38.608006, -39.527248, -40.446484, -41.365726, -42.284962, -43.204197, -44.123440, -45.042675, -45.961918],
    "acceleration_x": [-3.000000, -3.000000, -3.000000, -3.000000, -3.000000, -3.000000, -3.000000, -3.000000, -3.000000, -3.000000, -3.000000, -3.000000, -3.000000, -3.000000, -3.000000, -3.000000, -3.000000, -3.000000, -3.000000, -3.000000, -3.000000, -3.000000, -3.000000, -3.000000, -3.000000, -3.000000, -3.000000, -3.000000, -3.000000, -3.000000, -3.000000, -3.000000, -3.000000, -3.000000, -3.000000, -3.000000, -3.000000, -3.000000, -3.000000, -3.000000, -3.000000, -3.000000, -3.000000, -3.000000, -3.000000, -3.000000, -3.000000, -3.000000, -3.000000, -3.000000, -3.000000, -3.000000, -3.000000, -3.000000, -3.000000, -3.000000, -3.000000, -3.000000, -3.000000, -3.000000, -3.000000, -3.000000, -3.000000, -3.000000, -3.000000, -3.000000, -3.000000, -3.000000, -3.000000, -3.000000, -3.000000, -3.000000, -3.000000, -3.000000, -3.000000, -3.000000, -3.000000, -3.000000, -3.000000, -3.000000, -3.000000, -3.000000, -3.000000, -3.000000, -3.000000, -3.000000, -3.000000, -3.000000, -3.000000, -3.000000, -3.000000, -3.000000, -3.000000, -3.000000, -3.000000, -3.000000, -3.000000, -3.000000, -3.000000, -3.000000, -3.000000],