{
  "metadata": {
    "total_time": 9.370426,
    "delta_t": 0.093704,
    "apogee_time": 4.685213,
    "h_max": 107.670746,
    "mass": 5.000000,
    "initial_acceleration_x": -1.000000,
    "initial_acceleration_y": -9.810000,
    "energy_initial": 10562.500000,
    "energy_final": 8628.597656,
    "energy_loss": 0.183091,
    "angle_of_collapse": -51.475761
  },
  "time_series": {
    "time": [0.000000, 0.093704, 0.187409, 0.281113, 0.374817, 0.468521, 0.562226, 0.655930, 0.749634, 0.843338, 0.937043, 1.030747, 1.124451, 1.218155, 1.311860, 1.405564, 1.499268, 1.592972, 1.686677, 1.780381, 1.874085, 1.967789, 2.061493, 2.155198, 2.248902, 2.342606, 2.436310, 2.530015, 2.623719, 2.717423, 2.811127, 2.904831, 2.998536, 3.092240, 3.185944, 3.279648, 3.373353, 3.467057, 3.560761, 3.654465, 3.748169, 3.841874, 3.935578, 4.029282, 4.122986, 4.216691, 4.310395, 4.404099, 4.497803, 4.591507, 4.685212, 4.778916, 4.872620, 4.966324, 5.060029, 5.153733, 5.247437, 5.341141, 5.434845, 5.528550, 5.622254, 5.715958, 5.809662, 5.903367, 5.997071, 6.090775, 6.184479, 6.278183, 6.371888, 6.465592, 6.559296, 6.653000, 6.746705, 6.840409, 6.934113, 7.027817, 7.121521, 7.215226, 7.308930, 7.402634, 7.496338, 7.590043, 7.683747, 7.777451, 7.871155, 7.964859, 8.058564, 8.152268, 8.245973, 8.339677, 8.433381, 8.527085, 8.620790, 8.714494, 8.808198, 8.901902, 8.995606, 9.089311, 9.183015, 9.276719, 9.370423],
    "position_x": [0.000000, 4.302439, 8.596098, 12.880977, 17.157074, 21.424391, 25.682930, 29.932688, 34.173664, 38.405861, 42.629276, 46.843910, 51.049763, 55.246834, 59.435123, 63.614635, 67.785370, 71.947311, 76.100487, 80.244873, 84.380486, 88.507317, 92.625359, 96.734627, 100.835114, 104.926819, 109.009743, 113.083893, 117.149254, 121.205841, 125.253647, 129.292664, 133.322906, 137.344376, 141.357056, 145.360947, 149.356064, 153.342422, 157.319977, 161.288757, 165.248764, 169.199982, 173.142410, 177.076065, 181.000946, 184.917038, 188.824356, 192.722900, 196.612656, 200.493622, 204.365814, 208.229233, 212.083862, 215.929718, 219.766785, 223.595078, 227.414597, 231.225311, 235.027283, 238.820450, 242.604828, 246.380432, 250.147263, 253.905304, 257.654602, 261.395081, 265.126770, 268.849701, 272.563843, 276.269196, 279.965790, 283.653625, 287.332642, 291.002869, 294.664337, 298.317017, 301.960907, 305.596008, 309.222382, 312.839935, 316.448730, 320.048706, 323.639923, 327.222351, 330.796021, 334.360931, 337.917023, 341.464355, 345.002869, 348.532623, 352.053619, 355.565796, 359.069214, 362.563843, 366.049713, 369.526794, 372.995056, 376.454590, 379.905304, 383.347260, 386.780426],
    "position_y": [0.000000, 4.263761, 8.441385, 12.532875, 16.538225, 20.457439, 24.290520, 28.037462, 31.698267, 35.272938, 38.761471, 42.163864, 45.480122, 48.710243, 51.854225, 54.912075, 57.883789, 60.769360, 63.568802, 66.282097, 68.909264, 71.450302, 73.905190, 76.273949, 78.556564, 80.753044, 82.863388, 84.887604, 86.825668, 88.677612, 90.443413, 92.123070, 93.716599, 95.223999, 96.645248, 97.980362, 99.229340, 100.392189, 101.468895, 102.459465, 103.363907, 104.182205, 104.914360, 105.560379, 106.120277, 106.594025, 106.981636, 107.283127, 107.498466, 107.627670, 107.670731, 107.627678, 107.498466, 107.283127, 106.981644, 106.594040, 106.120285, 105.560402, 104.914383, 104.182220, 103.363922, 102.459488, 101.468910, 100.392204, 99.229385, 97.980408, 96.645287, 95.224030, 93.716637, 92.123108, 90.443443, 88.677673, 86.825737, 84.887657, 82.863449, 80.753098, 78.556618, 76.273994, 73.905266, 71.450371, 68.909340, 66.282173, 63.568871, 60.769432, 57.883854, 54.912170, 51.854282, 48.710327, 45.480206, 42.163944, 38.761547, 35.273014, 31.698345, 28.037540, 24.290628, 20.457548, 16.538334, 12.532981, 8.441493, 4.263867, 0.000106],
    "velocity_x": [45.961941, 45.868237, 45.774532, 45.680828, 45.587124, 45.493420, 45.399715, 45.306011, 45.212307, 45.118603, 45.024899, 44.931194, 44.837490, 44.743786, 44.650082, 44.556377, 44.462673, 44.368969, 44.275265, 44.181561, 44.087856, 43.994152, 43.900448, 43.806744, 43.713039, 43.619335, 43.525631, 43.431927, 43.338223, 43.244518, 43.150814, 43.057110, 42.963406, 42.869701, 42.775997, 42.682293, 42.588589, 42.494884, 42.401180, 42.307476, 42.213772, 42.120068, 42.026363, 41.932659, 41.838955, 41.745251, 41.651546, 41.557842, 41.464138, 41.370434, 41.276730, 41.183025, 41.089321, 40.995617, 40.901913, 40.808208, 40.714504, 40.620800, 40.527096, 40.433392, 40.339687, 40.245983, 40.152279, 40.058575, 39.964870, 39.871166, 39.777462, 39.683758, 39.590054, 39.496349, 39.402645, 39.308941, 39.215237, 39.121532, 39.027828, 38.934124, 38.840420, 38.746716, 38.653011, 38.559307, 38.465603, 38.371899, 38.278194, 38.184490, 38.090786, 37.997082, 37.903378, 37.809673, 37.715969, 37.622265, 37.528561, 37.434856, 37.341152, 37.247448, 37.153744, 37.060040, 36.966335, 36.872631, 36.778927, 36.685223, 36.591518],
    "velocity_y": [45.961941, 45.042702, 44.123463, 43.204224, 42.284985, 41.365746, 40.446507, 39.527267, 38.608028, 37.688789, 36.769550, 35.850311, 34.931076, 34.011837, 33.092598, 32.173359, 31.254120, 30.334881, 29.415644, 28.496405, 27.577168, 26.657928, 25.738689, 24.819450, 23.900213, 22.980974, 22.061735, 21.142498, 20.223259, 19.304020, 18.384783, 17.465544, 16.546305, 15.627066, 14.707829, 13.788589, 12.869350, 11.950111, 11.030872, 10.111637, 9.192398, 8.273159, 7.353920, 6.434681, 5.515442, 4.596207, 3.676968, 2.757729, 1.838490, 0.919250, 0.000011, -0.919228, -1.838463, -2.757702, -3.676941, -4.596180, -5.515419, -6.434658, -7.353897, -8.273132, -9.192371, -10.111610, -11.030849, -11.950089, -12.869328, -13.788563, -14.707802, -15.627041, -16.546280, -17.465519, -18.384754, -19.303997, -20.223232, -21.142475, -22.061710, -22.980946, -23.900188, -24.819424, -25.738667, -26.657902, -27.577145, -28.496380, -29.415615, -30.334858, -31.254093, -32.173336, -33.092579, -34.011814, -34.931057, -35.850292, -36.769527, -37.688770, -38.608006, -39.527248, -40.446484, -41.365726, -42.284962, -43.204197, -44.123440, -45.042675, -45.961918],
    "acceleration_x": [-1.000000, -1.000000, -1.000000, -1.000000, -1.000000, -1.000000, -1.000000, -1.000000, -1.000000, -1.000000, -1.000000, -1.000000, -1.000000, -1.000000, -1.000000, -1.000000, -1.000000, -1.000000, -1.000000, -1.000000, -1.000000, -1.000000, -1.000000, -1.000000, -1.000000, -1.000000, -1.000000, -1.000000, -1.000000, -1.000000, -1.000000, -1.000000, -1.000000, -1.000000, -1.000000, -1.000000, -1.000000, -1.000000, -1.000000, -1.000000, -1.000000, -1.000000, -1.000000, -1.000000, -1.000000, -1.000000, -1.000000, -1.000000, -1.000000, -1.000000, -1.000000, -1.000000, -1.000000, -1.000000, -1.000000, -1.000000, -1.000000, -1.000000, -1.000000, -1.000000, -1.000000, -1.000000, -1.000000, -1.000000, -1.000000, -1.000000, -1.000000, -1.000000, -1.000000, -1.000000, -1.000000, -1.000000, -1.000000, -1.000000, -1.000000, -1.000000, -1.000000, -1.000000, -1.000000, -1.000000, -1.000000, -1.000000, -1.000000, -1.000000, -1.000000, -1.000000, -1.000000, -1.000000, -1.000000, -1.000000, -1.000000, -1.000000, -1.000000, -1.000000, -1.000000, -1.000000, -1.000000, -1.000000, -1.000000, -1.000000, -1.000000],